COMMAND;POSITION CE16 (mm);POSITION MLT (pts)
2527,24999999919;-2,92887029288695E-02;400
2527,24999999919;3,88578058618805E-16;400
2554,74999999933;3,88578058618805E-16;400
2581,99999999852;3,88578058618805E-16;400
2609,49999999866;3,88578058618805E-16;400
2636,74999999785;3,88578058618805E-16;400
2663,99999999703;3,88578058618805E-16;401
2695,24999999703;3,88578058618805E-16;401
2726,49999999703;3,88578058618805E-16;401
2751,03999999927;3,88578058618805E-16;402
2758,125;-0,761506276150627;423
2766,25;-1,23012552301255;442
2773,33499999979;-1,23012552301255;452
2780,48499999983;-1,40585774058577;454
2788,60999999983;-1,43514644351464;455
2795,69499999961;-1,43514644351464;456
2803,81999999961;-1,49372384937238;456
2811,94499999961;-1,49372384937238;458
2819,09499999965;-1,49372384937238;456
2826,17999999944;-1,49372384937238;459
2833,26499999923;-1,49372384937238;460
2840,41499999927;-1,58158995815899;460
2848,53999999927;-1,58158995815899;460
2856,66499999927;-1,58158995815899;463
2863,75;-1,69874476987448;464
2871,875;-1,69874476987448;463
2884,09499999965;-1,69874476987448;467
2892,21999999965;-1,75732217573222;467
2900,34499999965;-1,75732217573222;468
2908,46999999965;-1,75732217573222;468
2915,55499999944;-1,75732217573222;472
2923,67999999944;-1,96234309623431;470
2931,80499999944;-1,96234309623431;470
2938,88999999923;-1,90376569037657;473
2946,03999999927;-1,90376569037657;473
2954,16499999927;-1,99163179916318;476
2961,25;-1,99163179916318;474
2969,375;-2,05020920502092;477
2976,45999999979;-2,05020920502092;478
2983,60999999983;-2,07949790794979;479
2990,69499999961;-2,07949790794979;481
2998,81999999961;-2,07949790794979;481
3005,96999999965;-2,10878661087866;482
3013,05499999944;-2,10878661087866;485
3021,17999999944;-2,19665271966527;485
3028,26499999923;-2,19665271966527;485
3035,41499999927;-2,22594142259414;485
3042,5;-2,25523012552301;487
3049,58499999979;-2,25523012552301;490
3057,70999999979;-2,34309623430962;489
3064,85999999983;-2,34309623430962;489
3071,94499999961;-2,43096234309623;491
3079,09499999965;-2,43096234309623;492
3087,21999999965;-2,43096234309623;492
3094,30499999944;-2,43096234309623;492
3102,42999999944;-2,48953974895397;494
3110,55499999944;-2,48953974895397;495
3118,67999999944;-2,57740585774058;496
3125,76499999923;-2,57740585774058;496
3132,91499999927;-2,57740585774058;498
3141,03999999927;-2,6652719665272;500
3149,16499999927;-2,6652719665272;500
3157,28999999927;-2,6652719665272;503
3164,375;-2,6652719665272;501
3172,5;-2,6652719665272;503
3180,625;-2,78242677824268;504
3188,75;-2,78242677824268;505
3196,875;-2,78242677824268;507
3203,95999999979;-2,81171548117155;507
3212,08499999979;-2,81171548117155;508
3220,20999999979;-2,89958158995816;510
3228,33499999979;-2,89958158995816;510
3236,45999999979;-2,89958158995816;512
3244,58499999979;-2,9581589958159;513
3252,70999999979;-2,9581589958159;516
3259,85999999983;-3,07531380753138;516
3266,94499999961;-3,07531380753138;517
3275,06999999961;-3,10460251046025;518
3282,21999999965;-3,10460251046025;518
3290,34499999965;-3,13389121338912;518
3298,46999999965;-3,13389121338912;519
3306,59499999965;-3,13389121338912;519
3314,71999999965;-3,19246861924686;522
3321,80499999944;-3,19246861924686;525
3329,92999999944;-3,19246861924686;525
3337,01499999923;-3,28033472803347;525
3344,16499999927;-3,28033472803347;529
3352,28999999927;-3,33891213389121;529
3360,41499999927;-3,33891213389121;529
3367,5;-3,36820083682008;529
3375,625;-3,39748953974895;531
3383,75;-3,39748953974895;532
3391,875;-3,48535564853556;532
3398,95999999979;-3,51464435146443;532
3405,442105263;-3,51464435146443;534
3412,67894736827;-3,57322175732218;536
3419,91578947353;-3,57322175732218;536
3426,22631578913;-3,60251046025105;538
3432,5947368418;-3,60251046025105;538
3439,83157894706;-3,63179916317992;540
3446,14210526266;-3,63179916317992;540
3453,37894736792;-3,69037656903766;541
3459,68947368352;-3,69037656903766;541
3466,05789473619;-3,69037656903766;543
3472,36842105263;-3,77824267782427;543
3479,60526315789;-3,77824267782427;543
3486,84210526316;-3,80753138075314;545
3494,07894736842;-3,80753138075314;545
3500,38947368402;-3,77824267782427;548
3506,75789473669;-3,77824267782427;547
3513,06842105229;-3,92468619246862;549
3519,43684210495;-3,92468619246862;549
3526,67368421022;-3,89539748953975;550
3533,91052631548;-3,89539748953975;550
3540,22105263108;-3,95397489539749;550
3546,53157894668;-3,95397489539749;553
3552,89999999935;-4,0418410041841;553
3560,13684210461;-4,0418410041841;554
3567,37368420987;-4,0418410041841;553
3573,68421052632;-4,10041841004184;554
3580,92105263158;-4,10041841004184;557
3587,23157894718;-4,12970711297071;558
3594,46842105244;-4,12970711297071;559
3600,83684210511;-4,12970711297071;559
3607,14736842071;-4,15899581589958;561
3613,51578947337;-4,15899581589958;561
3620,75263157864;-4,21757322175732;563
3627,06315789424;-4,21757322175732;565
3634,2999999995;-4,21757322175732;563
3641,53684210476;-4,21757322175732;565
3647,84736842037;-4,21757322175732;566
3654,21578947303;-4,27615062761506;567
3661,45263157829;-4,36401673640167;567
3667,76315789474;-4,36401673640167;570
3675;-4,36401673640167;571
3682,23684210526;-4,36401673640167;571
3689,47368421053;-4,51046025104602;572
3696,71052631579;-4,48117154811715;572
3703,02105263139;-4,48117154811715;574
3709,38947368406;-4,51046025104602;574
3715,69999999966;-4,51046025104602;576
3722,06842105232;-4,51046025104602;575
3728,37894736792;-4,59832635983263;576
3735,61578947319;-4,59832635983263;576
3742,85263157845;-4,59832635983263;579
3749,16315789405;-4,59832635983263;580
3755,53157894671;-4,65690376569038;583
3762,76842105198;-4,65690376569038;583
3770,00526315724;-4,65690376569038;581
3776,31578947368;-4,68619246861925;584
3782,62631578928;-4,74476987447699;585
3789,86315789455;-4,74476987447699;587
3796,23157894721;-4,86192468619247;585
3803,46842105248;-4,86192468619247;585
3810,70526315774;-4,77405857740586;585
3817,01578947334;-4,77405857740586;588
3824,2526315786;-4,86192468619247;589
3831,48947368387;-4,89121338912134;590
3838,72631578913;-4,89121338912134;592
3845,0947368418;-4,97907949790795;593
3851,4052631574;-4,97907949790795;593
3858,64210526266;-4,97907949790795;593
3864,95263157826;-5,00836820083682;596
3872,18947368352;-5,03765690376569;596
3878,55789473619;-5,03765690376569;597
3884,86842105263;-5,09623430962343;598
3891,17894736823;-5,09623430962343;598
3898,4157894735;-5,1255230125523;599
3904,78421052616;-5,1255230125523;601
3911,09473684176;-5,1255230125523;601
3917,46315789443;-5,15481171548117;601
3924,69999999969;-5,15481171548117;602
3931,01052631529;-5,24267782426778;605
3937,32105263089;-5,24267782426778;603
3943,68947368356;-5,24267782426778;605
3950,92631578882;-5,24267782426778;608
3958,16315789408;-5,35983263598326;608
3964,47368421053;-5,35983263598326;610
3971,71052631579;-5,38912133891213;610
3978,94736842105;-5,38912133891213;608
3986,18421052632;-5,38912133891213;610
3993,42105263158;-5,44769874476987;611
3999,73157894718;-5,44769874476987;612
4006,09999999984;-5,44769874476987;611
4013,33684210511;-5,44769874476987;612
4019,64736842071;-5,50627615062761;612
4026,01578947337;-5,50627615062761;616
4032,32631578898;-5,53556485355649;618
4039,56315789424;-5,53556485355649;618
4046,7999999995;-5,56485355648536;616
4054,03684210476;-5,56485355648536;620
4061,27368421003;-5,56485355648536;620
4067,58421052563;-5,6234309623431;621
4073,95263157829;-5,6234309623431;621
4081,18947368356;-5,68200836820084;621
4087,5;-5,68200836820084;623
4094,73684210526;-5,74058577405858;624
4101,04736842086;-5,74058577405858;627
4107,41578947353;-5,76987447698745;624
4114,65263157879;-5,76987447698745;627
4120,96315789439;-5,82845188284519;628
4128,19999999966;-5,82845188284519;630
4135,43684210492;-5,9163179916318;630
4142,67368421018;-5,9163179916318;632
4149,91052631545;-5,9163179916318;633
4157,14736842071;-5,9163179916318;633
4163,51578947337;-5,97489539748954;634
4170,75263157864;-5,97489539748954;636
4177,06315789424;-5,97489539748954;634
4183,37368420984;-5,94560669456067;636
4190,6105263151;-5,94560669456067;637
4197,84736842037;-6,03347280334728;639
4204,21578947303;-6,03347280334728;641
4211,45263157829;-6,09205020920502;639
4220,48421052582;-6,12133891213389;641
4227,72105263108;-6,12133891213389;645
4235,88421052601;-6,2092050209205;643
4243,12105263127;-6,2092050209205;645
4249,43157894687;-6,2092050209205;645
4255,74210526247;-6,15062761506276;645
4262,11052631514;-6,15062761506276;646
4268,42105263158;-6,23849372384937;647
4274,73157894718;-6,23849372384937;650
4281,09999999984;-6,29707112970711;650
4287,41052631545;-6,29707112970711;651
4293,77894736811;-6,29707112970711;651
4301,01578947337;-6,35564853556485;652
4307,32631578898;-6,35564853556485;654
4314,56315789424;-6,38493723849372;654
4320,87368420984;-6,38493723849372;655
4328,1105263151;-6,47280334728033;656
4334,47894736777;-6,47280334728033;655
4340,78947368421;-6,47280334728033;658
4347,09999999981;-6,53138075313807;658
4354,33684210507;-6,53138075313807;658
4360,70526315774;-6,53138075313807;661
4367,01578947334;-6,53138075313807;661
4374,2526315786;-6,53138075313807;664
4381,48947368387;-6,58995815899581;661
4388,72631578913;-6,58995815899581;663
4395,09473684179;-6,61924686192469;663
4401,4052631574;-6,7071129707113;665
4407,715789473;-6,7071129707113;665
4414,95263157826;-6,7071129707113;665
4421,32105263092;-6,7071129707113;667
4427,63157894737;-6,76569037656904;668
4433,94210526297;-6,76569037656904;669
4441,17894736823;-6,76569037656904;672
4448,4157894735;-6,76569037656904;672
4455,65263157876;-6,79497907949791;670
4462,02105263142;-6,79497907949791;672
4468,33157894702;-6,85355648535565;674
4474,69999999969;-6,91213389121339;674
4481,93684210495;-6,91213389121339;674
4489,17368421022;-6,88284518828452;676
4496,41052631548;-6,88284518828452;678
4497,27894736892;-7;677
4490,04210526366;-7;678
4482,80526315839;-6,94142259414226;677
4476,49473684279;-6,94142259414226;676
4469,25789473753;-6,91213389121339;674
4462,88947368487;-6,91213389121339;674
4456,57894736842;-6,91213389121339;674
4449,34210526316;-6,88284518828452;672
4442,1052631579;-6,88284518828452;670
4434,86842105263;-6,82426778242678;669
4428,55789473703;-6,82426778242678;670
4422,18947368437;-6,73640167364017;669
4414,9526315791;-6,73640167364017;668
4408,6421052635;-6,73640167364017;665
4402,27368421084;-6,67782426778243;667
4395,96315789524;-6,67782426778243;667
4389,65263157964;-6,64853556485356;665
4383,28421052697;-6,64853556485356;664
4376,97368421053;-6,61924686192469;660
4369,73684210526;-6,58995815899581;661
4363,42631578966;-6,58995815899581;660
4356,1894736844;-6,58995815899581;659
4349,82105263173;-6,58995815899581;659
4342,58421052647;-6,53138075313807;658
4335,34736842121;-6,53138075313807;658
4329,03684210561;-6,53138075313807;655
4322,66842105294;-6,47280334728033;656
4315,43157894768;-6,47280334728033;654
4308,19473684242;-6,47280334728033;655
4301,88421052682;-6,47280334728033;654
4295,57368421121;-6,35564853556485;654
4289,20526315855;-6,35564853556485;652
4281,96842105329;-6,35564853556485;650
4274,73157894802;-6,38493723849372;648
4267,49473684276;-6,29707112970711;650
4259,3894736849;-6,29707112970711;650
4253,02105263223;-6,29707112970711;646
4245,78421052697;-6,23849372384937;646
4238,54736842171;-6,23849372384937;643
4231,31052631644;-6,23849372384937;643
4224,07368421118;-6,23849372384937;645
4217,76315789474;-6,15062761506276;643
4211,45263157914;-6,15062761506276;641
4204,21578947387;-6,09205020920502;638
4197,84736842121;-6,09205020920502;639
4190,61052631595;-6,09205020920502;638
4184,30000000034;-6,09205020920502;638
4177,93157894768;-6,00418410041841;636
4171,62105263208;-5,97489539748954;634
4164,38421052682;-5,97489539748954;634
4157,14736842155;-5,97489539748954;634
4150,83684210595;-5,97489539748954;632
4144,46842105329;-5,97489539748954;630
4137,23157894802;-5,85774058577406;630
4129,99473684276;-5,85774058577406;630
4123,68421052632;-5,85774058577406;627
4117,37368421072;-5,85774058577406;628
4110,13684210545;-5,79916317991632;625
4102,90000000019;-5,79916317991632;625
4096,53157894752;-5,74058577405858;625
4090,22105263192;-5,74058577405858;624
4082,98421052666;-5,71129707112971;623
4076,61578947399;-5,68200836820084;623
4069,37894736873;-5,68200836820084;623
4062,14210526347;-5,65271966527197;621
4055,83157894787;-5,65271966527197;621
4049,52105263227;-5,65271966527197;621
4043,1526315796;-5,68200836820084;620
4035,91578947434;-5,68200836820084;618
4029,6052631579;-5,56485355648536;619
4022,36842105263;-5,53556485355649;616
4015,13157894737;-5,53556485355649;616
4007,89473684211;-5,53556485355649;614
4001,58421052651;-5,50627615062761;614
3995,21578947384;-5,50627615062761;611
3987,97894736858;-5,44769874476987;612
3980,74210526331;-5,44769874476987;608
3974,43157894771;-5,35983263598326;608
3968,06315789505;-5,35983263598326;608
3960,82631578978;-5,35983263598326;610
3954,51578947418;-5,35983263598326;608
3947,27894736892;-5,33054393305439;606
3940,04210526366;-5,33054393305439;603
3932,80526315839;-5,21338912133891;603
3925,56842105313;-5,21338912133891;605
3918,33157894787;-5,27196652719665;605
3912,02105263227;-5,27196652719665;602
3905,6526315796;-5,1255230125523;599
3899,34210526316;-5,1255230125523;601
3893,03157894756;-5,1255230125523;598
3886,66315789489;-5,09623430962343;597
3880,35263157929;-5,09623430962343;597
3873,11578947403;-5,1255230125523;596
3865,87894736877;-5,1255230125523;596
3859,5105263161;-5,03765690376569;596
3852,27368421084;-5,03765690376569;596
3845,96315789524;-5,03765690376569;593
3839,65263157964;-5,03765690376569;593
3832,41578947437;-4,92050209205021;590
3825,17894736911;-4,92050209205021;592
3817,94210526385;-4,92050209205021;590
3810,70526315858;-4,92050209205021;588
3804,33684210592;-4,92050209205021;588
3798,02631578947;-4,80334728033473;588
3791,71578947387;-4,80334728033473;585
3785,34736842121;-4,80334728033473;585
3779,03684210561;-4,80334728033473;584
3772,66842105294;-4,80334728033473;583
3766,35789473734;-4,71548117154812;580
3759,12105263208;-4,71548117154812;581
3752,81052631648;-4,68619246861925;581
3745,57368421121;-4,68619246861925;580
3739,20526315855;-4,62761506276151;578
3732,89473684211;-4,62761506276151;575
3725,65789473684;-4,59832635983263;576
3718,42105263158;-4,59832635983263;576
3711,18421052632;-4,5397489539749;575
3703,94736842105;-4,5397489539749;574
3696,71052631579;-4,51046025104602;572
3690,40000000019;-4,51046025104602;572
3684,03157894752;-4,48117154811715;571
3677,72105263192;-4,48117154811715;571
3670,48421052666;-4,45188284518828;570
3664,11578947399;-4,45188284518828;568
3656,87894736873;-4,45188284518828;568
3649,64210526347;-4,45188284518828;568
3642,40526315821;-4,3347280334728;567
3635,16842105294;-4,3347280334728;565
3627,93157894768;-4,24686192468619;565
3620,69473684242;-4,24686192468619;563
3613,45789473715;-4,21757322175732;565
3606,22105263189;-4,12970711297071;562
3599,91052631629;-4,12970711297071;559
3592,67368421103;-4,15899581589958;561
3585,43684210576;-4,15899581589958;558
3579,12631579016;-4,15899581589958;558
3571,8894736849;-4,12970711297071;556
3564,65263157964;-4,12970711297071;554
3557,41578947437;-4,0418410041841;553
3551,04736842171;-4,0418410041841;554
3544,73684210526;-4,0418410041841;554
3538,42631578966;-4,0418410041841;554
3532,057894737;-3,95397489539749;553
3524,82105263173;-3,95397489539749;552
3518,51052631613;-3,95397489539749;549
3512,14210526347;-3,92468619246862;549
3504,90526315821;-3,92468619246862;549
3498,5947368426;-3,83682008368201;547
3492,284210527;-3,77824267782427;547
3483,19473684242;-3,80753138075314;545
3475,95789473715;-3,80753138075314;545
3467,85263157929;-3,7489539748954;544
3461,48421052663;-3,7489539748954;541
3454,24736842136;-3,7489539748954;543
3447,93684210576;-3,69037656903766;541
3440,7000000005;-3,69037656903766;540
3434,3894736849;-3,63179916317992;540
3427,15263157964;-3,63179916317992;538
3419,91578947437;-3,57322175732218;538
3412,67894736911;-3,57322175732218;536
3406,31052631644;-3,57322175732218;536
3400;-3,57322175732218;534
3392,91500000021;-3,45606694560669;532
3384,79000000021;-3,45606694560669;532
3377,64000000017;-3,45606694560669;532
3370,55500000039;-3,45606694560669;530
3362,43000000039;-3,42677824267782;529
3355,28000000035;-3,42677824267782;529
3348,19500000056;-3,33891213389121;527
3340,07000000056;-3,33891213389121;529
3332,98500000077;-3,28033472803347;523
3324,86000000077;-3,28033472803347;525
3316,73500000077;-3,22175732217573;523
3308,61000000077;-3,22175732217573;523
3301,46000000073;-3,16317991631799;519
3293,33500000073;-3,10460251046025;519
3285,21000000073;-3,10460251046025;519
3278,125;-3,07531380753138;517
3271,04000000021;-3,07531380753138;517
3263,89000000017;-3,07531380753138;516
3255,76500000017;-3,07531380753138;516
3248,68000000039;-3,04602510460251;514
3241,53000000035;-3,04602510460251;513
3233,40500000035;-2,9581589958159;512
3225,28000000035;-2,9581589958159;509
3217,15500000035;-2,92887029288703;512
3210,07000000056;-2,92887029288703;510
3201,94500000056;-2,89958158995816;509
3194,86000000077;-2,87029288702929;507
3186,73500000077;-2,87029288702929;505
3178,61000000077;-2,75313807531381;505
3171,46000000073;-2,75313807531381;507
3164,375;-2,75313807531381;507
3157,29000000021;-2,75313807531381;503
3150,14000000017;-2,75313807531381;503
3143,05500000039;-2,6652719665272;501
3135,90500000035;-2,6652719665272;500
3127,78000000035;-2,57740585774058;499
3119,65500000035;-2,51882845188284;496
3111,53000000035;-2,51882845188284;496
3104,44500000056;-2,51882845188284;495
3097,36000000077;-2,54811715481171;495
3090,21000000073;-2,54811715481171;494
3083,125;-2,48953974895397;494
3076,04000000021;-2,43096234309623;492
3067,91500000021;-2,43096234309623;491
3059,79000000021;-2,34309623430962;490
3052,64000000017;-2,34309623430962;487
3044,51500000017;-2,34309623430962;489
3036,39000000017;-2,31380753138075;487
3028,26500000017;-2,22594142259414;485
3020,14000000017;-2,22594142259414;483
3012,01500000017;-2,19665271966527;485
3003,89000000017;-2,19665271966527;483
2995,76500000017;-2,10878661087866;479
2987,64000000017;-2,10878661087866;481
2980,55500000039;-2,07949790794979;479
2973,40500000035;-2,10878661087866;479
2966,32000000056;-2,10878661087866;477
2959,23500000077;-2,10878661087866;476
2952,08500000073;-1,99163179916318;476
2943,96000000073;-1,99163179916318;473
2935,83500000073;-1,93305439330544;474
2927,71000000073;-1,93305439330544;472
2920,625;-1,8744769874477;470
2912,5;-1,8744769874477;470
2904,375;-1,81589958158996;469
2897,29000000021;-1,81589958158996;468
2889,16500000021;-1,78661087866109;468
2882,01500000017;-1,78661087866109;467
2874,93000000039;-1,69874476987448;465
2866,80500000039;-1,69874476987448;467
2859,65500000035;-1,69874476987448;464
2851,53000000035;-1,66945606694561;463
2843,40500000035;-1,66945606694561;461
2836,32000000056;-1,64016736401674;461
2828,19500000056;-1,64016736401674;460
2820,07000000056;-1,55230125523012;459
2812,98500000077;-1,46443514644351;455
2804,86000000077;-1,46443514644351;456
2797,71000000073;-1,46443514644351;456
2789,58500000073;-1,52301255230125;455
2782,5;-1,52301255230125;452
2775,41500000021;-1,43514644351464;452
2768,26500000017;-1,43514644351464;451
2761,18000000039;-1,31799163179916;450
2754,03000000035;-1,28870292887029;449
2722,75000000081;-1,28870292887029;402
2695,25000000067;-2,92887029288695E-02;402
2664,00000000067;-2,92887029288695E-02;402
2636,75000000148;-5,85774058577398E-02;402
2605,50000000148;-5,85774058577398E-02;401
2578,00000000134;-5,85774058577398E-02;402
2546,75000000134;-5,85774058577398E-02;402
2519,50000000215;-5,85774058577398E-02;402
2492,25000000297;-5,85774058577398E-02;402
2464,75000000282;-2,92887029288695E-02;401
2433,50000000282;-2,92887029288695E-02;402
2406,25;-2,92887029288695E-02;402
2379,00000000081;-2,92887029288695E-02;402
2351,50000000067;-2,92887029288695E-02;402
2324,25000000148;-2,92887029288695E-02;402
2293,00000000148;-2,92887029288695E-02;401
2261,75000000148;-5,85774058577398E-02;402
2245,2750000004;-5,85774058577398E-02;403
2237,10000000065;0,787878787878788;376
2228,92500000089;1,3030303030303;356
2220,67500000085;1,3030303030303;349
2212,5;1,3030303030303;347
2204,32500000024;1,48484848484849;344
2196,0750000002;1,48484848484849;344
2187,90000000045;1,60606060606061;343
2179,6500000004;1,60606060606061;341
2171,47500000065;1,6969696969697;340
2162,10000000065;1,66666666666667;340
2152,72500000065;1,66666666666667;339
2144,55000000089;1,72727272727273;337
2136,30000000085;1,81818181818182;336
2126,92500000085;1,81818181818182;336
2118,75;1,81818181818182;332
2109,375;1,90909090909091;333
2101,20000000024;1,90909090909091;331
2091,82500000024;1,96969696969697;330
2082,45000000024;1,96969696969697;328
2074,2000000002;2,06060606060606;327
2064,8250000002;2,06060606060606;328
2056,65000000045;2,06060606060606;327
2047,27500000045;2,06060606060606;326
2037,90000000045;2,09090909090909;326
2029,6500000004;2,12121212121212;322
2020,2750000004;2,12121212121212;320
2010,9000000004;2,12121212121212;320
2002,72500000065;2,27272727272727;318
1994,55000000089;2,27272727272727;316
1986,30000000085;2,27272727272727;315
1976,92500000085;2,27272727272727;316
1967,55000000085;2,36363636363636;315
1959,375;2,36363636363636;314
1951,20000000024;2,45454545454546;310
1941,82500000024;2,45454545454546;311
1932,45000000024;2,51515151515152;310
1924,2000000002;2,51515151515152;308
1914,8250000002;2,54545454545455;306
1906,65000000045;2,54545454545455;306
1898,4000000004;2,63636363636364;305
1890,22500000065;2,63636363636364;303
1882,05000000089;2,63636363636364;303
1873,80000000085;2,72727272727273;301
1864,42500000085;2,72727272727273;301
1855,05000000085;2,72727272727273;299
1846,875;2,81818181818182;295
1837,5;2,81818181818182;295
1828,125;2,81818181818182;295
1818,75;2,84848484848485;295
1809,375;2,84848484848485;291
1801,20000000024;2,93939393939394;294
1792,9500000002;2,93939393939394;291
1784,77500000045;3,06060606060606;289
1775,40000000045;3,06060606060606;289
1767,1500000004;3,03030303030303;287
1758,97500000065;3,03030303030303;287
1750,80000000089;3,15151515151515;286
1741,42500000089;3,15151515151515;285
1733,17500000085;3,15151515151515;282
1725;3,24242424242424;284
1716,82500000024;3,24242424242424;282
1708,5750000002;3,21212121212121;280
1700,40000000045;3,21212121212121;281
1691,02500000045;3,33333333333333;278
1681,65000000045;3,33333333333333;277
1673,4000000004;3,39393939393939;276
1665,22500000065;3,39393939393939;276
1657,05000000089;3,42424242424242;273
1648,80000000085;3,42424242424242;272
1639,42500000085;3,45454545454546;272
1631,25;3,45454545454546;270
1623,07500000024;3,51515151515152;270
1613,70000000024;3,51515151515152;268
1605,4500000002;3,60606060606061;266
1597,27500000045;3,60606060606061;266
1587,90000000045;3,63636363636364;264
1578,52500000045;3,6969696969697;265
1569,15000000045;3,6969696969697;264
1560,9000000004;3,75757575757576;261
1551,5250000004;3,75757575757576;260
1542,1500000004;3,78787878787879;257
1533,97500000065;3,78787878787879;259
1524,60000000065;3,81818181818182;257
1516,42500000089;3,93939393939394;255
1508,17500000085;3,93939393939394;255
1500;3,96969696969697;251
1493,42105263158;3,96969696969697;253
1487,68421052649;3,96969696969697;251
1481,10526315807;3,96969696969697;249
1474,52631578965;3,93939393939394;249
1468,7368421054;3,93939393939394;248
1462,15789473698;3,93939393939394;247
1456,42105263189;4,06060606060606;248
1450,63157894765;4,06060606060606;247
1444,89473684256;4,06060606060606;245
1438,31578947414;4,06060606060606;247
1431,73684210572;4,09090909090909;244
1425,1578947373;4,09090909090909;243
1418,57894736887;4,18181818181818;243
1412,00000000045;4,18181818181818;241
1406,26315789536;4,18181818181818;240
1400,47368421112;4,24242424242424;239
1394,73684210526;4,24242424242424;240
1389,00000000017;4,3030303030303;238
1383,21052631593;4,3030303030303;238
1377,47368421084;4,33333333333333;235
1370,89473684242;4,33333333333333;235
1365,10526315818;4,3030303030303;234
1359,36842105308;4,3030303030303;235
1352,78947368466;4,36363636363636;232
1346,21052631624;4,36363636363636;232
1340,47368421115;4,36363636363636;231
1334,68421052691;4,48484848484849;231
1328,10526315849;4,51515151515152;230
1321,52631579007;4,51515151515152;227
1314,94736842165;4,51515151515152;227
1308,36842105323;4,51515151515152;227
1302,63157894737;4,51515151515152;226
1296,05263157895;4,51515151515152;226
1289,47368421053;4,51515151515152;227
1282,8947368421;4,51515151515152;224
1276,31578947368;4,51515151515152;224
1270,57894736859;4,54545454545455;222
1264,00000000017;4,60606060606061;220
1257,42105263175;4,60606060606061;222
1251,63157894751;4,72727272727273;219
1245,05263157909;4,72727272727273;222
1239,315789474;4,72727272727273;219
1233,52631578976;4,72727272727273;216
1226,94736842133;4,72727272727273;218
1221,21052631624;4,72727272727273;215
1215,47368421115;4,81818181818182;214
1209,68421052691;4,81818181818182;214
1203,94736842105;4,84848484848485;213
1198,21052631596;4,84848484848485;214
1191,63157894754;4,84848484848485;214
1185,8421052633;4,81818181818182;213
1180,10526315821;4,93939393939394;211
1174,31578947397;4,93939393939394;210
1167,73684210554;4,93939393939394;209
1161,15789473712;4,93939393939394;209
1155,42105263203;4,93939393939394;207
1149,68421052694;5;206
1143,8947368427;5;206
1137,31578947428;5,03030303030303;203
1131,57894736842;5,03030303030303;203
1125,84210526333;5,06060606060606;205
1120,05263157909;5,06060606060606;203
1113,47368421067;5,09090909090909;199
1106,89473684225;5,09090909090909;202
1101,15789473715;5,09090909090909;201
1095,36842105291;5,09090909090909;201
1089,63157894782;5,21212121212121;198
1083,0526315794;5,21212121212121;198
1076,47368421098;5,24242424242424;198
1069,89473684256;5,24242424242424;195
1064,15789473747;5,24242424242424;197
1057,57894736905;5,24242424242424;195
1051,7894736848;5,33333333333333;193
1046,05263157895;5,33333333333333;193
1040,31578947386;5,33333333333333;192
1034,52631578961;5,33333333333333;192
1027,94736842119;5,36363636363636;192
1021,36842105277;5,36363636363636;190
1014,78947368435;5,39393939393939;189
1008,21052631593;5,39393939393939;188
1001,63157894751;5,48484848484849;188
995,052631579088;5,48484848484849;185
989,315789473996;5,51515151515152;184
982,736842105575;5,48484848484849;184
976,947368421334;5,48484848484849;182
971,210526316243;5,54545454545455;184
965,473684211152;5,54545454545455;180
959,68421052691;5,63636363636364;180
953,947368421052;5,63636363636364;178
947,368421052632;5,63636363636364;178
941,63157894754;5,63636363636364;180
935,052631579119;5,63636363636364;177
929,263157894878;5,66666666666667;178
922,684210526457;5,66666666666667;176
916,105263158035;5,72727272727273;177
910,368421052944;5,72727272727273;176
904,578947368703;5,6969696969697;177
898,000000000282;5,6969696969697;173
891,42105263186;5,75757575757576;173
885,684210526769;5,78787878787879;172
879,105263158348;5,78787878787879;170
872,526315789927;5,81818181818182;169
866,789473684836;5,81818181818182;169
861,000000000594;5,81818181818182;169
854,421052632173;5,90909090909091;167
847,052631579572;5,90909090909091;167
841,263157895331;5,96969696969697;167
835,526315789473;5,96969696969697;168
828,947368421052;5,96969696969697;164
822,368421052632;5,96969696969697;163
815,78947368421;6;163
810,052631579119;6;161
804,263157894878;6;161
798,526315789786;6,12121212121212;159
791,947368421365;6,12121212121212;160
786,157894737124;6,12121212121212;159
780,421052632032;6,12121212121212;157
774,684210526941;6,12121212121212;157
768,8947368427;6,18181818181818;153
762,315789474278;6,18181818181818;156
755,736842105857;6,15151515151515;157
750;6,15151515151515;155
743,421052631579;6,15151515151515;156
736,842105263157;6,15151515151515;153
730,263157894737;6,27272727272727;153
724,526315789645;6,27272727272727;149
718,736842105404;6,27272727272727;149
713,000000000312;6,33333333333333;151
707,210526316071;6,33333333333333;149
701,47368421098;6,36363636363636;145
695,736842105888;6,36363636363636;149
689,157894737467;6,36363636363636;145
683,368421053226;6,36363636363636;147
676,789473684805;6,36363636363636;145
670,210526316384;6,36363636363636;145
664,473684210526;6,45454545454546;143
657,894736842105;6,45454545454546;143
652,157894737014;6,45454545454546;142
646,368421052773;6,45454545454546;142
640,631578947681;6,48484848484849;139
634,052631579259;6,48484848484849;140
628,263157895019;6,57575757575758;136
622,526315789927;6,57575757575758;138
615,947368421506;6,54545454545455;136
609,368421053085;6,54545454545455;134
602,789473684664;6,63636363636364;134
596,210526316243;6,63636363636364;132
589,631578947821;6,63636363636364;134
583,0526315794;6,63636363636364;132
577,315789474309;6,63636363636364;131
570,736842105888;6,6969696969697;130
564,947368421646;6,72727272727273;128
558,368421053226;6,72727272727273;128
551,789473684805;6,75757575757576;128
546,052631578948;6,75757575757576;128
540,315789473856;6,75757575757576;126
534,526315789614;6,75757575757576;126
528,789473684523;6,84848484848485;124
522,210526316102;6,84848484848485;124
515,631578947681;6,87878787878788;123
509,842105263439;6,90909090909091;121
504,105263158348;6,90909090909091;121
501,631578946744;6,93939393939394;121
508,210526315164;6,93939393939394;122
513,999999999406;6,93939393939394;121
519,736842105263;6,96969696969697;123
526,315789473684;6,96969696969697;123
532,894736842105;6,84848484848485;126
538,631578947197;6,84848484848485;126
544,421052631438;6,81818181818182;127
550,999999999859;6,81818181818182;126
556,73684210495;6,75757575757576;128
562,526315789192;6,72727272727273;130
569,105263157613;6,72727272727273;131
574,842105262705;6,72727272727273;131
581,421052631125;6,72727272727273;131
587,157894736218;6,6969696969697;132
593,736842104639;6,6969696969697;132
599,526315788879;6,6969696969697;131
605,263157894737;6,60606060606061;135
611,842105263158;6,60606060606061;135
618,421052631579;6,60606060606061;135
624,157894736671;6,60606060606061;139
629,947368420912;6,54545454545455;139
636,526315789333;6,48484848484849;140
658,736842104669;6,48484848484849;143
665,31578947309;6,48484848484849;145
671,894736841511;6,42424242424242;142
677,631578947368;6,42424242424242;145
684,210526315789;6,42424242424242;144
689,947368420882;6,42424242424242;144
696,526315789302;6,36363636363636;147
703,105263157723;6,36363636363636;147
709,684210526144;6,36363636363636;148
716,263157894566;6,24242424242424;151
722,842105262986;6,24242424242424;151
729,421052631407;6,24242424242424;152
735,999999999828;6,24242424242424;149
742,57894736825;6,15151515151515;155
749,157894736671;6,15151515151515;155
755,736842105091;6,15151515151515;156
761,526315789333;6,15151515151515;155
768,105263157754;6,15151515151515;153
774,684210526175;6,15151515151515;157
780,421052631266;6,09090909090909;157
786,999999999688;6,09090909090909;159
792,789473683929;6,09090909090909;159
798,52631578902;6,06060606060606;157
805,105263157441;6,06060606060606;160
811,684210525863;6,03030303030303;163
817,421052630954;6,03030303030303;164
823,210526315195;6;161
828,947368421052;6;163
835,526315789474;5,96969696969697;164
842,105263157895;5,96969696969697;165
847,842105262986;5,90909090909091;168
853,631578947227;5,90909090909091;167
860,210526315649;5,90909090909091;168
866,78947368407;5,87878787878788;168
872,526315789161;5,87878787878788;168
878,315789473402;5,87878787878788;169
884,894736841824;5,87878787878788;172
891,473684210245;5,81818181818182;172
897,210526315336;5,81818181818182;173
902,947368420428;5,72727272727273;176
908,736842104669;5,72727272727273;174
915,31578947309;5,6969696969697;174
921,052631578948;5,6969696969697;176
927,631578947368;5,72727272727273;177
933,36842105246;5,72727272727273;180
939,947368420882;5,72727272727273;178
945,736842105122;5,63636363636364;180
952,315789473543;5,54545454545455;181
958,052631578635;5,54545454545455;180
964,631578947056;5,54545454545455;182
971,210526315477;5,54545454545455;182
976,999999999718;5,54545454545455;184
982,73684210481;5,51515151515152;184
988,473684209902;5,51515151515152;182
994,263157894143;5,45454545454546;186
1000,84210526256;5,45454545454546;188
1007,42105263098;5,45454545454546;189
1013,99999999941;5,45454545454546;189
1019,73684210526;5,45454545454546;188
1025,47368421035;5,39393939393939;192
1032,05263157878;5,39393939393939;192
1038,6315789472;5,42424242424242;192
1045,21052631562;5,42424242424242;193
1051,78947368404;5,36363636363636;194
1058,36842105246;5,36363636363636;194
1064,1578947367;5,27272727272727;197
1070,73684210512;5,27272727272727;197
1077,31578947354;5,27272727272727;197
1083,89473684196;5,27272727272727;197
1090,47368421039;5,27272727272727;198
1096,21052631548;5,21212121212121;198
1102,7894736839;5,18181818181818;201
1108,57894736814;5,18181818181818;202
1115,15789473656;5,12121212121212;202
1121,73684210498;5,12121212121212;202
1128,3157894734;5,03030303030303;202
1134,89473684182;5,03030303030303;205
1140,63157894692;5;206
1147,21052631534;5;205
1153,78947368376;5,03030303030303;206
1160,36842105218;5,03030303030303;206
1166,9473684206;4,96969696969697;209
1173,52631578902;4,96969696969697;209
1180,10526315744;4,90909090909091;210
1185,84210526253;4,90909090909091;213
1192,42105263095;4,90909090909091;210
1198,2105263152;4,90909090909091;213
1204,78947368362;4,84848484848485;213
1211,36842105204;4,81818181818182;214
1217,94736842046;4,81818181818182;214
1224,52631578888;4,78787878787879;214
1230,26315789474;4,78787878787879;216
1235,99999999983;4,75757575757576;218
1241,78947368407;4,75757575757576;219
1247,52631578916;4,75757575757576;219
1254,10526315758;4,6969696969697;222
1259,89473684182;4,6969696969697;222
1265,63157894692;4,6969696969697;222
1271,36842105201;4,60606060606061;220
1277,94736842043;4,60606060606061;223
1284,52631578885;4,57575757575758;224
1291,10526315727;4,54545454545455;226
1296,89473684151;4,54545454545455;224
1302,63157894737;4,51515151515152;226
1308,36842105246;4,51515151515152;226
1314,94736842088;4,51515151515152;227
1321,5263157893;4,51515151515152;228
1327,31578947354;4,51515151515152;231
1333,05263157863;4,45454545454546;230
1338,84210526288;4,45454545454546;231
1345,4210526313;4,42424242424242;230
1351,99999999972;4,42424242424242;232
1357,73684210481;4,39393939393939;235
1363,4736842099;4,39393939393939;232
1369,26315789414;4,36363636363636;236
1375;4,36363636363636;235
1381,57894736842;4,27272727272727;238
1388,15789473684;4,27272727272727;238
1394,73684210526;4,3030303030303;239
1400,47368421035;4,3030303030303;239
1406,2631578946;4,15151515151515;241
1411,99999999969;4,15151515151515;238
1417,78947368393;4,18181818181818;243
1423,52631578902;4,18181818181818;240
1430,10526315744;4,12121212121212;243
1436,68421052586;4,12121212121212;243
1443,26315789428;4,12121212121212;245
1448,99999999938;4,06060606060606;247
1454,78947368362;4;247
1461,36842105204;4;247
1467,1052631579;4;247
1473,68421052632;4;249
1479,42105263141;3,96969696969697;248
1485,21052631565;3,96969696969697;252
1491,78947368407;3,96969696969697;251
1497,52631578916;3,90909090909091;251
1505,84999999955;3,87878787878788;255
1514,0999999996;3,87878787878788;255
1523,4749999996;3,81818181818182;255
1532,8499999996;3,81818181818182;256
1541,02499999935;3,81818181818182;259
1549,19999999911;3,6969696969697;260
1558,57499999911;3,6969696969697;259
1567,94999999911;3,75757575757576;260
1576,19999999915;3,66666666666667;262
1585,57499999915;3,66666666666667;264
1593,75;3,57575757575758;265
1603,125;3,57575757575758;266
1612,5;3,51515151515152;266
1620,67499999976;3,51515151515152;268
1630,04999999976;3,51515151515152;266
1639,42499999976;3,51515151515152;268
1647,6749999998;3,45454545454546;270
1655,84999999955;3,39393939393939;272
1664,0999999996;3,39393939393939;273
1673,4749999996;3,36363636363636;273
1682,8499999996;3,36363636363636;277
1691,02499999935;3,3030303030303;274
1700,39999999935;3,24242424242424;278
1709,77499999935;3,24242424242424;277
1719,14999999935;3,18181818181818;280
1727,32499999911;3,18181818181818;278
1735,57499999915;3,15151515151515;284
1743,75;3,15151515151515;285
1753,125;3,09090909090909;286
1762,5;3,03030303030303;287
1771,875;3,03030303030303;286
1780,04999999976;2,96969696969697;290
1789,42499999976;2,96969696969697;290
1797,6749999998;2,96969696969697;293
1805,84999999955;2,90909090909091;293
1814,0999999996;2,87878787878788;294
1822,27499999935;2,87878787878788;293
1830,44999999911;2,84848484848485;295
1838,69999999915;2,84848484848485;295
1846,875;2,84848484848485;297
1855,04999999976;2,75757575757576;297
1863,2999999998;2,72727272727273;301
1872,6749999998;2,72727272727273;301
1882,0499999998;2,6969696969697;301
1890,22499999955;2,6969696969697;303
1898,4749999996;2,57575757575758;306
1907,8499999996;2,57575757575758;303
1916,02499999935;2,57575757575758;305
1924,19999999911;2,57575757575758;307
1933,57499999911;2,51515151515152;310
1942,94999999911;2,51515151515152;311
1951,19999999915;2,45454545454546;308
1960,57499999915;2,45454545454546;312
1968,75;2,33333333333333;314
1976,92499999976;2,33333333333333;314
1986,29999999976;2,3030303030303;315
1995,67499999976;2,3030303030303;316
2005,04999999976;2,24242424242424;319
2014,42499999976;2,24242424242424;319
2023,79999999976;2,15151515151515;322
2032,0499999998;2,15151515151515;322
2041,4249999998;2,15151515151515;320
2049,59999999955;2,15151515151515;324
2057,8499999996;2,15151515151515;323
2066,02499999935;1,96969696969697;327
2075,39999999935;1,96969696969697;327
2084,77499999935;1,96969696969697;331
2094,14999999935;1,96969696969697;330
2102,32499999911;1,93939393939394;330
2111,69999999911;1,93939393939394;332
2121,07499999911;1,81818181818182;333
2129,32499999915;1,78787878787879;336
2137,5;1,78787878787879;335
2146,875;1,75757575757576;337
2155,04999999976;1,75757575757576;339
2164,42499999976;1,6969696969697;340
2172,6749999998;1,6969696969697;339
2182,0499999998;1,60606060606061;339
2191,4249999998;1,60606060606061;341
2199,59999999955;1,57575757575758;341
2207,8499999996;1,57575757575758;344
2217,2249999996;1,45454545454546;345
2226,5999999996;1,45454545454546;347
2235,9749999996;1,45454545454546;348
2244,14999999935;1,39393939393939;349
2261,74999999785;-5,85774058577398E-02;400
2292,99999999785;-5,85774058577398E-02;401
2320,24999999703;-5,85774058577398E-02;402
2347,74999999718;3,88578058618805E-16;401
2375;3,88578058618805E-16;402
2402,24999999919;-2,92887029288695E-02;401
2429,74999999933;-2,92887029288695E-02;401
2456,99999999852;-2,92887029288695E-02;401
2484,49999999866;-2,92887029288695E-02;401
2500;-2,92887029288695E-02;402
2500;-2,92887029288695E-02;402
2500;-2,92887029288695E-02;400
2500;-2,92887029288695E-02;401
2500;-2,92887029288695E-02;401
2500;-2,92887029288695E-02;401
2500;-2,92887029288695E-02;401
2500;-5,85774058577398E-02;401
2500;-5,85774058577398E-02;401
2500;-8,78661087866101E-02;402
2500;-8,78661087866101E-02;402
2500;3,88578058618805E-16;401
2500;3,88578058618805E-16;401
2500;3,88578058618805E-16;401
2500;-2,92887029288695E-02;400
2500;-2,92887029288695E-02;400
2500;-2,92887029288695E-02;401
